{
  "schemaNamespace" : "GitHubGraphQL",
  "input" : {
    "operationSearchPaths" : [
      "**/*.graphql"
    ],
    "schemaSearchPaths" : [
      "**/*.graphqls"
    ]
  },
  "output" : {
    "testMocks" : {
      "none" : {
      }
    },
    "schemaTypes" : {
      "path" : "../GitHubGraphQL",
      "moduleType" : {
        "swiftPackageManager" : {
        }
      }
    },
    "operations" : {
      "inSchemaModule" : {
      }
    }
  },
  "schemaDownloadConfiguration": {
      "downloadMethod": {
          "introspection": {
              "endpointURL": "https://api.github.com/graphql",
              "httpMethod": {
                  "POST": {}
              },
              "includeDeprecatedInputValues": false,
              "outputFormat": "SDL"
          }
      },
      "downloadTimeout": 60,
      "headers": {
          "Authorization" : ""
      },
      "outputPath": "./graphql.graphqls"
  }
}
